{"eval/loss": 1.3783589601516724, "eval/model_preparation_time": 0.0045, "eval/runtime": 4.3378, "eval/samples_per_second": 46.106, "eval/steps_per_second": 11.527, "train/global_step": 0, "_timestamp": 1738236744.1191483, "_runtime": 46.060110330581665, "_step": 0, "_wandb": {"runtime": 31}}