{"train_runtime": 47.9087, "train_samples_per_second": 8766.677, "train_steps_per_second": 2191.669, "total_flos": 7.26553529856e+17, "train_loss": 0.0, "train/epoch": 14.0, "train/global_step": 0, "_timestamp": 1738237667.8345063, "_runtime": 99.46467638015747, "_step": 1, "eval/loss": 1.3783589601516724, "eval/model_preparation_time": 0.0043, "eval/runtime": 4.2591, "eval/samples_per_second": 46.959, "eval/steps_per_second": 11.74, "_wandb": {"runtime": 109}}